{"utcdate":"2020-06-19 11:01:14.465","host":"apbsh0952","severity":"INFO","service":"springAppName_IS_UNDEFINED","traceId":"","id":"","parentId":"","exportable":"","pid":26832,"thread":"restartedMain","class":"o.s.b.d.e.DevToolsPropertyDefaultsPostProcessor","rest":"Devtools property defaults active! Set 'spring.devtools.add-properties' to 'false' to disable"}
{"utcdate":"2020-06-19 11:01:14.652","host":"apbsh0952","severity":"INFO","service":"springAppName_IS_UNDEFINED","traceId":"","id":"","parentId":"","exportable":"","pid":26832,"thread":"restartedMain","class":"o.s.c.s.PostProcessorRegistrationDelegate$BeanPostProcessorChecker","rest":"Bean 'configurationPropertiesRebinderAutoConfiguration' of type [org.springframework.cloud.autoconfigure.ConfigurationPropertiesRebinderAutoConfiguration$$EnhancerBySpringCGLIB$$63fc5d6a] is not eligible for getting processed by all BeanPostProcessors (for example: not eligible for auto-proxying)"}
