<?xml version="1.0" encoding="UTF-8"?>
<configuration>
	<include resource="org/springframework/boot/logging/logback/defaults.xml"/>
	​
	<springProperty scope="context" name="springAppName" source="spring.application.name"/>
	<!-- Example for logging into the build folder of your project -->
	<property name="LOG_FILE" value="log/${springAppName}.log"/>​

	<!-- You can override this to have a custom pattern -->
	<property name="CONSOLE_LOG_PATTERN"
			  value="%d{yyyy-MM-dd HH:mm:ss.SSS} ${LOG_LEVEL_PATTERN:-%5p} ${HOSTNAME} ${PID:- } --- [%15.15t] %-40.40logger{39} : %m%n${LOG_EXCEPTION_CONVERSION_WORD:-%wEx}"/>

	<!-- Appender to log to console -->
	<appender name="console" class="ch.qos.logback.core.ConsoleAppender">
		<filter class="ch.qos.logback.classic.filter.ThresholdFilter">
			<!-- Minimum logging level to be presented in the console logs-->
			<level>DEBUG</level>
		</filter>
		<encoder>
			<pattern>${CONSOLE_LOG_PATTERN}</pattern>
			<charset>utf8</charset>
		</encoder>
	</appender>

	<!-- Appender to log to file -->​
	<appender name="flatfile" class="ch.qos.logback.core.rolling.RollingFileAppender">
		<file>${LOG_FILE}</file>
		<rollingPolicy class="ch.qos.logback.core.rolling.SizeAndTimeBasedRollingPolicy">
			<!-- rollover daily -->
			<fileNamePattern>${LOG_FILE}.%d{yyyy-MM-dd}.%i.gz</fileNamePattern>
			<!-- each file should be at most 100MB, keep 7 days worth of history -->
			<maxFileSize>100MB</maxFileSize>
			<maxHistory>7</maxHistory>
		</rollingPolicy>
		<encoder>
			<pattern>${CONSOLE_LOG_PATTERN}</pattern>
			<charset>utf8</charset>
		</encoder>
	</appender>

	<!-- Appender to json to file -->​
	<appender name="logstash" class="ch.qos.logback.core.rolling.RollingFileAppender">
		<file>${LOG_FILE}.json</file>
		<rollingPolicy class="ch.qos.logback.core.rolling.SizeAndTimeBasedRollingPolicy">
			<!-- rollover daily -->
			<fileNamePattern>${LOG_FILE}.json.%d{yyyy-MM-dd}.%i.gz</fileNamePattern>
			<!-- each file should be at most 100MB, keep 7 days worth of history -->
			<maxFileSize>100MB</maxFileSize>
			<maxHistory>7</maxHistory>
		</rollingPolicy>
		<encoder class="net.logstash.logback.encoder.LoggingEventCompositeJsonEncoder">
			<providers>
<!--			<timestamp>
					<timeZone>UTC</timeZone>
				</timestamp>	-->
				<pattern>
					<pattern>
						{
							"utcdate": "%d{yyyy-MM-dd HH:mm:ss.SSS}", 
							"host": "${HOSTNAME}", 
							"severity": "%level", 
							"service": "${springAppName:-}", 
							"traceId": "%X{X-B3-TraceId:-}", 
							"id": "%X{X-B3-SpanId:-}", 
							"parentId": "%X{X-B3-ParentSpanId:-}", 
							"exportable": "%X{X-Span-Export:-}", 
							"pid": ${PID:-}, 
							"thread": "%thread", 
							"class": "%logger{40}", 
							"rest": "%message"
						}
					</pattern>
				</pattern>
			</providers>
		</encoder>
	</appender>

	<appender name ="async_flatfile" class= "ch.qos.logback.classic.AsyncAppender">
		<discardingThreshold >0</discardingThreshold>
		<queueSize>512</queueSize>
		<appender-ref ref = "flatfile"/>
	</appender>

	<appender name ="async_logstash" class= "ch.qos.logback.classic.AsyncAppender">
		<discardingThreshold >0</discardingThreshold>
		<queueSize>512</queueSize>
		<appender-ref ref = "logstash"/>
	</appender>

	<root level="INFO">
		<appender-ref ref="console"/>
		<!-- uncomment this to have also JSON logs -->
		<appender-ref ref="async_flatfile"/>
		<appender-ref ref="async_logstash"/>
	</root>
</configuration>